,idx
0,1089316
1,1089341
2,1091482
3,1557777
4,1557847
5,1557848
6,1557850
7,1557852
8,1557854
9,1557929
10,1557932
11,1557936
12,1558003
13,1558088
14,1558177
15,1558290
16,1558513
17,1558514
18,1625835
19,1626246
20,1626310
21,1626311
22,1627751
23,1628482
24,1629222
25,1631567
26,1631614
27,1631699
28,1631760
29,1631818
30,1631872
31,1631882
32,1631887
33,1631888
34,1631890
35,1632039
36,1632062
37,1632112
38,1632114
39,1632159
40,1632166
41,1632275
42,1632276
43,1632407
44,1632463
45,1632562
46,1632620
47,1632621
48,1632622
49,1632624
50,1632761
51,1632821
52,1632822
53,1632876
54,1632877
55,1632878
56,1633053
57,1633054
58,1633169
59,1633231
60,1633390
61,1633391
62,1633417
63,1633583
64,1633590
65,1633632
66,1633634
67,1633911
68,1633913
69,1634196
70,1634197
71,1634300
72,1634506
73,1634525
74,1634559
75,1634602
76,1634603
77,1634888
78,1684931
79,1919377
80,1919384
81,1919435
82,1919439
83,1919440
84,1919512
85,1919516
86,1919517
87,1919610
88,1942898
89,1947004
90,1947126
91,1947127
92,1957887
93,1957921
94,1979471
95,1980076
96,1980293
97,1980692
98,1981091
99,1981105
100,1982427
101,1982843
102,1983663
103,1984041
104,1988372
105,1988382
106,1988383
107,1988384
108,1988385
109,1988386
110,1988387
111,1988388
112,1988389
113,1988391
114,1988856
115,1988875
116,1988896
117,1991158
118,1997526
119,2001163
120,2001164
121,2001168
122,2001179
123,2001226
124,2003866
125,2003932
126,2003964
127,2050974
128,2051042
129,2051292
130,2051426
131,2052052
132,2052171
133,2052176
134,2052809
135,2053162
136,2053163
137,2053172
138,2054269
139,2054297
140,2054302
141,2055033
142,2055038
143,2055047
144,2055049
145,2055052
146,2055055
147,2055057
148,2055059
149,2055065
150,2055069
151,2055071
152,2055077
153,2055079
154,2055085
155,2055093
156,2055144
157,2055145
158,2055146
159,2055270
160,2055366
161,2055368
162,2058680
163,2058943
164,2058944
165,2058946
166,2058983
167,2059001
168,2059028
169,2059038
170,2059082
171,2059243
172,2059257
173,2059259
174,2059265
175,2059270
176,2059276
177,2059280
178,2059286
179,2059288
180,2059290
181,2059295
182,2059297
183,2059305
184,2059323
185,2059328
186,2060002
187,2060086
188,2061129
189,2061138
190,2062608
191,2062613
192,2064097
193,2064462
194,2064519
195,2064664
196,2065182
197,2065184
198,2065185
199,2065186
200,2065188
201,2065189
202,2065190
203,2065192
204,2065193
205,2065196
206,2065393
